,mean,std,var,min,q25,median,q75,max
ZNF286A,0.06149936295415182,0.14047689254364434,0.019733757338718603,0.0,0.0,0.0,0.0,0.9685792349726776
TCF4,0.47185743674008085,0.12882099647508166,0.016594849132833,0.0,0.4098360655737705,0.5129022465088039,0.5496357012750456,0.8415300546448088
ILF2,0.09364606333919324,0.1274957013875885,0.01625515387231314,0.0,0.0,0.0,0.2226775956284153,0.8233151183970856
PBX1,0.44792522160668075,0.12358897996239251,0.015274235968144659,0.0,0.3726210665159223,0.4660354249104956,0.5385811192764274,0.7614471452798192
RFX4,0.1158199357225394,0.1170598749324997,0.013703014319212472,0.0,0.0,0.1065573770491803,0.1877049180327868,0.7740437158469945
ZNF257,0.039444181424214846,0.08844543413674864,0.007822594819637941,0.0,0.0,0.0,0.0,0.8524590163934426
ZNF615,0.11024522433607475,0.08462894626596176,0.0071620585460870426,0.0,0.0327868852459016,0.1154371584699453,0.1580145719489981,0.6070127504553734
ZNF200,0.07028024762626384,0.08424806436060638,0.007097736348508874,0.0,0.0,0.0316484517304189,0.1311475409836065,0.7083333333333334
TFAP2C,0.08307112344022004,0.08256041712147388,0.006816222475271759,0.0,0.0,0.0614754098360655,0.1311475409836065,0.5196379781420765
ZNF777,0.03196888566829517,0.07811788596470372,0.006102404107594455,0.0,0.0,0.0,0.0,0.6898907103825137
SKI,0.06314639506072565,0.07569411168858721,0.005729598544324315,0.0,0.0,0.0355191256830601,0.1116803278688524,0.6212431693989071
MEIS2,0.10494474448897065,0.07174865801599652,0.0051478699270964216,0.0,0.0486835568802781,0.0963735717834078,0.151639344262295,0.4388971684053651
HSF5,0.09186008648881924,0.06304806463992683,0.003975058454840393,0.0,0.0290300546448087,0.1118510928961748,0.1229508196721311,0.4680669398907104
ZNF577,0.05423315542961043,0.06237404189094151,0.0038905211018129267,0.0,0.0,0.0355191256830601,0.0910746812386156,0.4756375227686703
GTF2IRD1,0.029372685614746808,0.060502937684473186,0.0036606054684512456,0.0,0.0,0.0,0.0060109289617486,0.6213114754098361
PBX3,0.06497715055782466,0.05887023933019134,0.0034657050787940073,0.0,0.0191256830601092,0.0570127504553734,0.0919854280510018,0.5020947176684881
RXRB,0.057088799155140875,0.056858243869909106,0.003232859895970056,0.0,0.0,0.0570044709388971,0.086562344759066,0.4939145553899652
SP2,0.041458026440701144,0.0563127423351015,0.0031711249492995326,0.0,0.0,0.0,0.0775273224043715,0.4513319672131147
YY2,0.023675676009110948,0.05500692494158873,0.0030257617915295763,0.0,0.0,0.0,0.0,0.5467213114754098
PEG3,0.030917199803817165,0.05495841404890559,0.0030204272747709434,0.0,0.0,0.0,0.0529371584699453,0.5522540983606558
PRRX1,0.019838760806971677,0.05214038564553896,0.002718619815265525,0.0,0.0,0.0,0.0,0.476775956284153
KMT2B,0.08214167701279534,0.051913835916175814,0.0026950463595316262,0.0,0.0561247723132969,0.0793488160291439,0.1141848816029143,0.4032331511839708
BHLHE22,0.035227202602267554,0.05119827642311774,0.002621263508697974,0.0,0.0,0.0,0.0788446526151444,0.3639734582357533
SOX8,0.025822639319188264,0.05112720567084003,0.002613991159708377,0.0,0.0,0.0,0.0125227686703096,0.5102459016393442
MSX2,0.0558583841161275,0.05002693244815877,0.002502693970172641,0.0,0.0123754419800707,0.0510286081645773,0.0852619736419157,0.3431372549019608
MXD1,0.04203421530499006,0.049944941373645385,0.0024944971688168746,0.0,0.0,0.0214480874316939,0.0721311475409836,0.4217213114754098
MEOX2,0.06391164842811735,0.04938376750710793,0.0024387564931960884,0.0,0.0302703480011504,0.0531348863963186,0.0927523727351164,0.4150848432556802
HNF4G,0.032197471158700586,0.04819080241623966,0.0023223534375210503,0.0,0.0,0.0,0.0634486945962355,0.3929872495446266
MAFF,0.06491022830133575,0.046963685454978296,0.00220558775151414,0.0,0.0328462817771442,0.0593371347113328,0.0917082442385364,0.5882038488952245
ZBTB44,0.02622215483935231,0.046627184742955116,0.0021740943570536663,0.0,0.0,0.0,0.040983606557377,0.4298155737704918
EMX2,0.02980535210755167,0.046274902351820864,0.0021413665876705563,0.0,0.0,0.0,0.0575478142076502,0.4228142076502732
IKZF5,0.029975108676474762,0.0460919415426423,0.0021244670751703544,0.0,0.0,0.0,0.057889344262295,0.3876366120218579
POU2F1,0.18495299862342704,0.045718587707847515,0.002090189262000146,0.0134718389871774,0.1553319266352864,0.1892279391873613,0.2184033977168208,0.315492614835254
ZNF250,0.01864446456077991,0.04551678585252827,0.0020717777943449174,0.0,0.0,0.0,0.0,0.5098360655737705
ING4,0.038092854308668295,0.04452136344174656,0.0019821518027120866,0.0,0.0,0.0279078844652615,0.0620608899297423,0.399687743950039
CEBPG,0.05588453158929399,0.043736985940205496,0.001912923939133733,0.0,0.0222597235615557,0.0510286081645773,0.0847798135647701,0.3284313725490196
TFDP2,0.021465575808725185,0.04328928534371909,0.0018739622255699328,0.0,0.0,0.0,0.0097580015612802,0.419984387197502
MTF1,0.08167601459411004,0.042171739638262276,0.0017784556241173814,0.0,0.0636612021857923,0.066575591985428,0.1061930783242258,0.3544626593806921
VAX1,0.0294028915318852,0.0421669861221915,0.0017780547186290903,0.0,0.0,0.0,0.059612518628912,0.3674863387978142
ZNF75A,0.017385189765906656,0.041877120602371275,0.0017536932299455487,0.0,0.0,0.0,0.0,0.4269125683060109
MEIS1,0.10993268059711334,0.04178800002412291,0.0017462369460160966,0.0,0.0803734061930783,0.1109810044236273,0.140775435857403,0.2465846994535519
ZNF441,0.03391951591128326,0.041367010314217204,0.0017112295423365525,0.0,0.0,0.0206435944140862,0.0535822707953855,0.3570127504553734
PATZ1,0.025614705311582622,0.040960363696476404,0.0016777513941476222,0.0,0.0,0.0,0.0476624165148755,0.3545840922890103
ZNF436,0.0457568225011099,0.040190858652999026,0.0016153051192653468,0.0,0.0073339085418464,0.0417026171987345,0.0700316364682197,0.4788610871440897
KLF4,0.03236804528296394,0.04006318873325426,0.001605059091476351,0.0,0.0,0.0209471766848816,0.0521857923497267,0.4407103825136612
ZFHX3,0.016563283846283153,0.03944285249193139,0.0015557386127002585,0.0,0.0,0.0,0.0,0.3914910226385636
DBP,0.03513027443693851,0.03914971027798898,0.0015326998148504764,0.0,0.0,0.0253491196114146,0.0522920461445051,0.3532179720704311
FOXG1,0.02897552751589373,0.038203380074955724,0.001459498249151524,0.0,0.0,0.0,0.0551327088212334,0.3831967213114754
REL,0.01620255406962792,0.03795436087747943,0.0014405335096179413,0.0,0.0,0.0,0.0,0.4371584699453552
MAX,0.02440064594392183,0.03778497925081781,0.0014277046569847322,0.0,0.0,0.0,0.0364298724954462,0.310261080752884
FOXJ3,0.015646252208959904,0.037610841814720915,0.0014145754220119594,0.0,0.0,0.0,0.0,0.3940281030444965
PURA,0.041003670218997736,0.037535557860849514,0.0014089181039251815,0.0,0.0110807528840315,0.0326350941105039,0.0616272009714632,0.3079083181542198
MAFG,0.0513019750599498,0.036990883439440854,0.0013683254576302996,0.0,0.0230998509687034,0.0459513164431197,0.0741430700447094,0.3538872329855936
JDP2,0.014892173169908133,0.03661643821830659,0.0013407635477950632,0.0,0.0,0.0,0.0,0.7568306010928961
ZBTB33,0.021346271135126705,0.03595216764782184,0.0012925583585770874,0.0,0.0,0.0,0.0404868355688027,0.3351962245404868
MAF,0.050379099794197864,0.035941448563354086,0.0012917877248322274,0.0,0.0246620649985619,0.0432484900776531,0.067371297095197,0.2789401783146391
PAX6,0.02808070797163766,0.03547943361941004,0.0012587902099541234,0.0,0.0,0.0048339638503572,0.05348886086591,0.264291719209752
PRDM4,0.02269839307490866,0.03537676469905226,0.0012515154805721098,0.0,0.0,0.0,0.0428961748633879,0.3282786885245902
TP73,0.017763435639095763,0.035147927659795554,0.0012353768187782215,0.0,0.0,0.0,0.01578627808136,0.3389496053430479
ZNF460,0.015120032241621085,0.03486809349616404,0.0012157839440572371,0.0,0.0,0.0,0.0,0.3317720530835285
ZNF384,0.034766225446157754,0.03486431295693127,0.001215520317958846,0.0,0.0,0.0310993249758919,0.0527161684345869,0.3006268081002893
THRB,0.018749532058826866,0.03449291966438612,0.0011897615069737947,0.0,0.0,0.0,0.0279529213955443,0.4719419924337957
STAT4,0.05068422330846949,0.03440055644052416,0.001183398283417688,0.0,0.0258261774655217,0.0455373406193078,0.0722092115534738,0.3109549830861306
FOS,0.04381064965197079,0.03405793567611299,0.0011599429825182499,0.0,0.0165573770491803,0.038087431693989,0.0633333333333333,0.3204371584699453
SOX9,0.06252777327579505,0.033260723961755966,0.0011062757584601273,0.0,0.0379911527452511,0.0588732760863908,0.0835610200364298,0.2715326567785584
OTX2,0.03289844751809711,0.03278788557004319,0.0010750454401542463,0.0,0.0,0.0309653916211293,0.0532027929568913,0.2496205221615057
NFIL3,0.01784141299233947,0.032770619259791314,0.0010739134866702056,0.0,0.0,0.0,0.0267014406358668,0.3863636363636363
TFE3,0.020434496663336583,0.032760799499472706,0.001073269983844651,0.0,0.0,0.0,0.0388205828779599,0.2862021857923497
RFXAP,0.022458291547712922,0.03240402150552758,0.001050020609730694,0.0,0.0,0.0,0.041959406713505,0.3143052302888368
ZFP30,0.038985607129415074,0.03167591288827905,0.0010033634573058427,0.0,0.0141734972677595,0.0348929872495446,0.0590846994535519,0.2667918943533697
FOXO1,0.12859925185583507,0.031338123437024024,0.0009820779805541542,0.0112725870796875,0.1080827382748332,0.1321029870260484,0.1517147742130142,0.2264490931643702
NFATC2,0.03469995232558117,0.031066394971017923,0.0009651208964952876,0.0,0.0,0.0324899025896887,0.0538132573057733,0.6124970301734378
EGR1,0.006698716152851934,0.03100211840454458,0.0009611313455694017,0.0,0.0,0.0,0.0,0.4600409836065574
GABPB1,0.03970609859665995,0.030513363486874407,0.0009310653512821203,0.0,0.0148224043715847,0.0393442622950819,0.0567622950819672,0.255327868852459
NFE2L3,0.03100323854723957,0.030015789770072084,0.0009009476355211639,0.0,0.0009289617486338,0.0267213114754098,0.0468852459016393,0.4184699453551913
MGA,0.009983105114973342,0.029857238506148038,0.0008914546912130091,0.0,0.0,0.0,0.0,0.3016848816029144
SREBF1,0.030294120553266853,0.029342843112157343,0.0008610024419046797,0.0,0.000803600128576,0.0255544840887174,0.048858887817422,0.213837994214079
HEY1,0.01577999616168562,0.02868789842939284,0.0008229955162951602,0.0,0.0,0.0,0.0239692001987083,0.2770740188772975
HMBOX1,0.009499778074896386,0.027738910749671844,0.0007694471695782601,0.0,0.0,0.0,0.0,0.4082422586520947
ZNF518A,0.01505484913106467,0.027604320626161485,0.0007619985172319243,0.0,0.0,0.0,0.0230138713745271,0.3329129886506936
ZNF507,0.014875569346459162,0.02745924596365177,0.0007540101888923261,0.0,0.0,0.0,0.0210610200364298,0.2316712204007286
ZNF398,0.021410636003730832,0.027304320981685695,0.0007455259442709216,0.0,0.0,0.0072859744990892,0.0389344262295082,0.2808136004857316
ATF4,0.009736696188331385,0.027002195455129538,0.0007291185593970184,0.0,0.0,0.0,0.0,0.3432377049180328
SMAD4,0.0069486793747608345,0.026516073500282466,0.0007031021538723821,0.0,0.0,0.0,0.0,0.308287795992714
IKZF2,0.01520889081321619,0.026396168765255242,0.0006967577254838364,0.0,0.0,0.0,0.0265417642466822,0.2398516783762685
TAF1,0.007696158769666835,0.026250574175887175,0.0006890926445637547,0.0,0.0,0.0,0.0,0.368071818891491
ONECUT2,0.016038677667366375,0.026059913551980517,0.0006791190943366978,0.0,0.0,0.0,0.0300546448087431,0.6212431693989071
PAX3,0.01948603076999698,0.025994073314977044,0.0006756918475044017,0.0,0.0,0.0028688524590163,0.0367486338797814,0.2382513661202185
ATF6,0.004715280173089585,0.02587685671130305,0.0006696117132573098,0.0,0.0,0.0,0.0,0.4559426229508196
TEF,0.02435275613333119,0.025792476007459056,0.0006652518185953511,0.0,0.0,0.0191256830601092,0.0376084860173577,0.212230793956927
GBX2,0.01580449220846119,0.02571214038182394,0.0006611141630146212,0.0,0.0,0.0,0.0276639344262295,0.2482923497267759
MAZ,0.02011381357422249,0.025687106388633647,0.0006598274346209836,0.0,0.0,0.0125577973938629,0.0310004203446826,0.2727511559478772
MYCN,0.02147672100498092,0.025256921661275425,0.0006379120918038037,0.0,0.0,0.0133459436738125,0.0367801597309794,0.2649222362337116
RELB,0.019081902631459834,0.02470661757787878,0.0006104169521395486,0.0,0.0,0.0108486017357762,0.0291706846673095,0.3746383799421408
ZNF217,0.013184577149254974,0.024613087197513494,0.0006058040613924026,0.0,0.0,0.0,0.0181799075241698,0.3218789407313997
NFATC3,0.01609456143418618,0.02457527070581613,0.0006039439302641445,0.0,0.0,0.0,0.0321892076502732,0.1952698087431694
ZBTB46,0.013132241659445732,0.024538307635319,0.0006021285416055548,0.0,0.0,0.0,0.0180523028883684,0.2960577673692428
ZNF423,0.004030984925371078,0.02427090656868163,0.0005890769056656731,0.0,0.0,0.0,0.0,0.4228142076502732
HDAC2,0.008042629661341819,0.02381407862468458,0.000567110340742659,0.0,0.0,0.0,0.0,0.2802064359441408
NR2F1,0.032342251083637245,0.02376788040282548,0.0005649121388430155,0.0,0.0142276422764227,0.0283553245368519,0.0458483273357323,0.1834266293482607
STAT3,0.025327836082023207,0.02371811857425731,0.0005625491487025298,0.0,0.0043971994535519,0.0220713797814207,0.0376536885245901,0.1991120218579235
AHR,0.017876338472582354,0.023179093685348953,0.0005372703840741838,0.0,0.0,0.0083405234397469,0.0301984469370146,0.2134742594190394
ATF2,0.015802631609760042,0.02246172726700712,0.0005045291918174111,0.0,0.0,0.0048892723612309,0.0261000862812769,0.2153436870865688
FOSB,0.016323508147655964,0.022188116635095633,0.0004923125198126075,0.0,0.0,0.0026134473746733,0.0289855072463768,0.3665953908291756
RXRA,0.026040963392336462,0.02181893791355685,0.0004760660516756485,0.0,0.0094686263425664,0.0214810627473148,0.0388166572451479,0.1802807612587149
ISL1,0.008153228731815827,0.021755307415313823,0.0004732934007348086,0.0,0.0,0.0,0.0,0.2684426229508196
SMAD9,0.05608431863427531,0.02173965063320075,0.0004726124096536258,0.0063524590163934,0.0414086217364905,0.0525880388585306,0.0663327261687917,0.202762598664238
CREB5,0.009012540001112233,0.02171421599718576,0.000471507176372438,0.0,0.0,0.0,0.0,0.3439890710382514
IRF8,0.024058785339023895,0.021708145770704953,0.0004712435928021754,0.0,0.0070013661202185,0.0208760245901639,0.0350068306010928,0.2419313524590164
CTCF,0.005848971256772339,0.021668040613417993,0.00046950398402473157,0.0,0.0,0.0,0.0,0.3092554644808743
KLF9,0.007730474403391005,0.021444680246558233,0.00045987431087712486,0.0,0.0,0.0,0.0,0.2613387978142076
MXI1,0.023585892593979023,0.021406530197687446,0.0004582395351045046,0.0,0.0,0.0244325346784363,0.03567675493905,0.2508932324506095
IRF2,0.01548124369255249,0.02099473350035113,0.0004407788347507661,0.0,0.0,0.0,0.028807317652649,0.2883701591827037
GLI3,0.09530035738585767,0.020919285125759017,0.0004376164901728024,0.0304309270443869,0.0810313009299204,0.0973528424887355,0.1106125970664365,0.1543655929441089
FOXK1,0.015138933859985543,0.020660460505509914,0.00042685462829973494,0.0,0.0,0.0056162720097146,0.02367941712204,0.2823315118397085
NR5A2,0.00592187931040919,0.020412184882146828,0.0004166572916629435,0.0,0.0,0.0,0.0,0.4762791852955787
NEUROD2,0.01685844176113281,0.02024418007869135,0.0004098268270584837,0.0,0.0,0.0104035308953341,0.0280054644808743,0.2551492223623371
TEAD1,0.07573532055964269,0.019877497226047317,0.0003951148959715188,0.0119645690111052,0.0621033844526705,0.0763484928609201,0.0897728274281685,0.1460040983606557
CUX1,0.021818577555755534,0.019817120425228756,0.0003927182619480187,0.0,0.0055004314063848,0.0181190681622088,0.0325352315214265,0.1704774230658613
USF2,0.027109515639381153,0.019754274198872202,0.00039023134912422795,0.0,0.0117672627918529,0.0244659711872826,0.0390896671634376,0.1566070541480377
KLF3,0.02069997431864001,0.01966636190551782,0.0003867657905988025,0.0,0.0049180327868852,0.0160291438979963,0.0316484517304189,0.4995446265938069
CDC5L,0.0032795595470660253,0.01925493078944068,0.00037075235970615073,0.0,0.0,0.0,0.0,0.3076502732240437
SOX6,0.0483806115398218,0.019130487486014345,0.0003659755514525514,0.003158307634042,0.034869880430666,0.0454742195531028,0.0585673321430503,0.1497186603906292
DBX2,0.021089606983103797,0.01911761930905072,0.00036548336804578894,0.0,0.0053593947036569,0.0178646490121899,0.0306851618327028,0.1503783102143757
STAT2,0.029009486487018777,0.01883717343989821,0.00035483910320480654,0.0,0.0152637662883564,0.0264291719209752,0.0401691887347625,0.1783312316099201
PHF20,0.028401237103227082,0.018757435147038096,0.00035184137329534004,0.0,0.0151324085750315,0.0258249264396805,0.0387767969735182,0.1574453551912568
BACH1,0.017806057037623273,0.018742428388222317,0.00035127862188764176,0.0,5.059704513256426e-05,0.0128516494636713,0.028789718680429,0.2290528233151184
TCF7L1,0.009942678724816226,0.0186632313125284,0.00034831620302494055,0.0,0.0,0.0,0.0135094110503946,0.1999089253187614
OVOL2,0.004633355868541058,0.018604859679223196,0.00034614080368358506,0.0,0.0,0.0,0.0,0.2380464480874317
SP4,0.022362396943949887,0.018274050066534125,0.0003339409058341959,0.0,0.0082326718435432,0.0191616335921771,0.0327509347138337,0.1554141501294219
LHX2,0.06107252136315195,0.018211917796637195,0.0003316739498314705,0.0,0.0483848654630974,0.0606107767863318,0.073113370685481,0.1819015010029743
RORA,0.08171193699759077,0.018181491627347727,0.00033056663779531555,0.0243698219636876,0.0692832923756493,0.0835510830455926,0.0951216287678477,0.140162119845294
SMAD3,0.025430435303319378,0.017957044691894092,0.00032245545406668185,0.0,0.0129227588243981,0.0222456062619997,0.0337099394476443,0.208499483089647
NR2C2,0.010788229402890698,0.017878395188145206,0.0003196370145034936,0.0,0.0,0.0,0.0196461098100442,0.178831641946396
GABPA,0.01629466194921259,0.01785121823481773,0.0003186659924670891,0.0,0.0,0.0102679358364181,0.0274546095540278,0.1582496033844526
HDX,0.01892703281938434,0.0172024881867062,0.00029592559981376636,0.0,0.0049960967993754,0.0159250585480093,0.0280249804839968,0.2959797033567525
FOXC2,0.011968351830605456,0.01712237921627303,0.00029317587002585866,0.0,0.0,0.0001241927471435,0.0219821162444113,0.247702434177844
SMAD1,0.017093730006515376,0.017048829759741396,0.0002906625961766439,0.0,0.0,0.0156908665105386,0.0265417642466822,0.1222482435597189
NR1D2,0.0031810573763542634,0.017008365623969072,0.00028928450119861284,0.0,0.0,0.0,0.0,0.285063752276867
HMG20A,0.005770403720535851,0.01700751014843274,0.00028925540144904255,0.0,0.0,0.0,0.0,0.1991120218579235
DLX6,0.008266669842328916,0.016677158867294102,0.00027812762788496627,0.0,0.0,0.0,0.0110382513661202,0.3455737704918032
THRA,0.015109182122629931,0.016676544473638505,0.00027810713558124294,0.0,0.0012902246508803,0.0109289617486338,0.0222626998583282,0.1596336773932402
ATF3,0.02691420056236281,0.01660478037106683,0.00027571873117136623,0.0,0.0165338848884122,0.023926255043154,0.0330805372555027,0.2490296716204484
NR2F2,0.017018023211349594,0.016235602777040836,0.00026359479753385615,0.0,0.003551912568306,0.013353825136612,0.0254781420765027,0.1696379781420765
FOSL1,0.02915039129148664,0.01623517678793196,0.00026358096533540473,0.0,0.0189633717470107,0.0268895742033219,0.036290104420278,0.3323865173402586
SREBF2,0.02062024117504932,0.016213208512430178,0.0002628681302675384,0.0,0.0080752884031572,0.018154219793564,0.0298117789921068,0.1420765027322404
CHD2,0.0732062044040236,0.016075722462954165,0.0002584288527059291,0.019835564901439,0.0625965582353446,0.0742389780562469,0.0843185849569421,0.1363670500386233
IRF1,0.015349126298773006,0.01606069854221363,0.00025794603766386297,0.0,0.0031762295081967,0.0112704918032786,0.0226775956284153,0.2831284153005464
ZNF354C,0.01543359840042813,0.015939002927267482,0.0002540518143154414,0.0,0.0022289329882082,0.0120074777106701,0.0225409836065573,0.3019844693701466
NFYC,0.013706397863044749,0.01574521325160183,0.00024791174033841787,0.0,0.0,0.0090917655926135,0.0227058601846617,0.1390616167326173
NFE2L1,0.024360394682094225,0.01574020836287132,0.0002477541593066042,0.0013661202185792,0.0134697615722022,0.0202038765958489,0.0303563552157612,0.1442788355509814
SMARCC2,0.02645902595089139,0.015480873032762705,0.00023965742985651955,0.0,0.0171166827386692,0.0245633772634736,0.0354923390121075,0.1735508411014679
JUND,0.024298232730170122,0.015379318615536479,0.00023652344107818687,0.0,0.0133156541305046,0.0207168113146898,0.0316055930568948,0.1315252330440373
RFX2,0.007819786335045263,0.015245460920550728,0.00023242407868003944,0.0,0.0,0.0,0.0075819672131147,0.1347677595628415
ELK3,0.02345161005252654,0.015211346505292054,0.00023138506250406076,0.0,0.0126221811744785,0.0212422073424151,0.0314592472870006,0.3841299161086739
ELF1,0.04762757966335416,0.015113844364729774,0.00022842829148127396,0.0097263671422536,0.0379924505675701,0.0458825613561724,0.0544608424294455,0.1758411348677486
RORB,0.0024278133221583512,0.015039817350936896,0.00022619610594954253,0.0,0.0,0.0,0.0,0.247495446265938
BCL11B,0.016967079364304458,0.014881478031646127,0.00022145838840636627,0.0,0.0065479555304315,0.0145798002638025,0.0237893348407763,0.2161296400979838
JUNB,0.015300268006476254,0.014807471970959026,0.0002192612261707372,0.0,0.0029713114754098,0.0122267759562841,0.0226434426229508,0.2949112021857923
ZIC1,0.013963213080364651,0.014799160209036683,0.00021901514289273465,0.0,0.0,0.0109940150923757,0.0213374967473328,0.1495576372625553
RARB,0.024224862819671622,0.014776737397102068,0.0002183519681029148,0.0,0.0136796632698272,0.0223932949342785,0.032233052724856,0.2191146064096883
HLTF,0.0173728542472366,0.014467014237155316,0.0002092945009380546,0.0,0.0064055859137826,0.0142683667273831,0.0257741347905282,0.1180631451123254
PGR,0.003793191823055495,0.01437228999851265,0.00020656271980134673,0.0,0.0,0.0,0.0,0.2898451730418943
ATF1,0.019058149117791263,0.014175276698964652,0.0002009384694922102,0.0,0.0079781420765027,0.0170491803278688,0.0275136612021857,0.1125956284153005
FOSL2,0.009654880659599057,0.01362750672973137,0.00018570893966887378,0.0,0.0,0.0039032006245121,0.0147540983606557,0.3232630757220921
GATA3,0.012668872204453323,0.013603594710029065,0.00018505778903473076,0.0,0.0013020833333333,0.0101818647540983,0.0187628073770491,0.3752988387978142
MEF2C,0.016151069320921797,0.013419780276305537,0.00018009050266431912,0.0,0.0069151033744577,0.0131541884964227,0.0218015886428933,0.1352036504985634
ZNF148,0.013319014553631893,0.013355035329133774,0.00017835696864241122,0.0,0.0029899989689658,0.0106454273636457,0.0192030106196515,0.2236570780492834
NEUROD1,0.003518842272337138,0.012993650935230168,0.00016883496462660782,0.0,0.0,0.0,0.0,0.2222222222222222
YY1,0.007070630898428537,0.012943546327221512,0.0001675353915249295,0.0,0.0,0.0,0.0080327868852459,0.1560655737704918
TCF7L2,0.012186766634809722,0.0128033057991207,0.00016392463938579775,0.0,0.0037462678158976,0.0089713255591234,0.0166469494676356,0.236958481212326
SOX17,0.0034643950041479774,0.012737012807409192,0.0001622314952561058,0.0,0.0,0.0,0.0,0.3998829039812646
ETV6,0.01075759801395943,0.012158857270656019,0.00014783781012818472,0.0,0.0,0.0080859548072662,0.0162088317826022,0.2444247526214739
NR3C1,0.01259908806638159,0.012151059953502045,0.00014764825799360113,0.0,0.0025252525252525,0.0102666004305348,0.0186703096539162,0.1394477562510349
BACH2,0.03291330795926567,0.012033961191503354,0.00014481622195860883,0.0023692859879418,0.0246607384106627,0.0312140826326296,0.0391184239711249,0.1330580928760107
SHOX2,0.011461436182914656,0.012004905692599394,0.00014411776068820533,0.0,0.0001339333547626,0.0088931747562412,0.01775956284153,0.1330493946212364
TAL1,0.0026180547127666667,0.01195025395115205,0.00014280856949702519,0.0,0.0,0.0,0.0,0.167411823149528
CLOCK,0.006386889596526296,0.011558392015387144,0.00013359642598136527,0.0,0.0,0.0,0.0078551912568306,0.1014344262295082
RUNX1,0.009465667169469689,0.01154048222346257,0.0001331827299500556,0.0,0.0,0.0048790007806401,0.0150982896884536,0.1626215314739905
BPTF,0.024556388071721075,0.011265681380550537,0.00012691557696808305,0.0,0.0164584959666926,0.0232782548356318,0.0312798161158816,0.0961054731546534
ERF,0.01040877589318972,0.011095845771081499,0.0001231177933756272,0.0,0.0014936247723132,0.0076502732240437,0.015063752276867,0.2499271402550091
RUNX2,0.008210576616442223,0.011014881822213505,0.0001213276215573295,0.0,0.0,0.0040180006428801,0.0130183220829315,0.159916425586628
NFKB1,0.013613490575122478,0.010881562249330685,0.00011840839698605869,0.0,0.0048094917284227,0.0120705142600494,0.0198555281083913,0.1340107792499438
FOXF2,0.003509516144254028,0.010810947956395178,0.00011687659571588507,0.0,0.0,0.0,0.0,0.2317850637522768
MYB,0.0047746662611088,0.010752423275240989,0.00011561460628994415,0.0,0.0,0.0,0.0,0.2311182669789227
BCL11A,0.026467870053250773,0.0105958448016862,0.00011227192706142048,0.0032051282051282,0.019519756200084,0.0242552017654476,0.0305833596048759,0.1410880359394703
HIC1,0.002749344707556868,0.010264312917196419,0.00010535611966212527,0.0,0.0,0.0,0.0,0.1952250845693468
E2F2,0.0015850681388031704,0.01025597977465989,0.00010518512113823272,0.0,0.0,0.0,0.0,0.3
CHD1,0.024118471638869723,0.010237365573793952,0.00010480365389150155,0.0,0.0167570068746694,0.0232240437158469,0.0304402432575356,0.1126057641459545
JUN,0.029776024560653834,0.01020817931377802,0.00010420692490224549,0.001200098664238,0.0224413706739526,0.028612629022465,0.0359223208864602,0.1120360883424408
LEF1,0.0080738003090704,0.010199094841146509,0.00010402153557870131,0.0,0.0033407848981619,0.0060481867858917,0.0096497764530551,0.171100347739692
GATAD1,0.016148058340067786,0.009930953027744686,9.862382803927134e-05,0.0,0.0087961414073826,0.0147485223597635,0.0220391435262629,0.0798204527712724
ETS1,0.012410943697195708,0.009757356030708644,9.520599671000634e-05,0.0,0.0069435480401015,0.0106170130373047,0.0153446495417581,0.1667473430575276
RFX3,0.02257757635226917,0.00957415048659256,9.166435753992056e-05,0.0,0.0156640733537093,0.0216148004075206,0.0284454015004167,0.0786908400481615
EBF1,0.025682589723270092,0.009439743700955397,8.910876113972708e-05,0.0047363979706297,0.0202834120589052,0.0245104092700647,0.0291747707696582,0.1524163090570426
ZBTB7A,0.021592534103116356,0.009422571554829187,8.878485470587611e-05,0.0039882940978426,0.0150532204179939,0.019397612203144,0.0256705966902338,0.0792584427524408
NFIC,0.015779453408181803,0.009339840842671155,8.723262696642825e-05,0.0,0.0087770201653851,0.0145920982639392,0.021519415832487,0.0718482518497026
STAT1,0.027188815313810854,0.008960260339619401,8.02862653537564e-05,0.0021773998023088,0.0210559689662246,0.0259982468900949,0.0318217422928439,0.0981508420522575
ETS2,0.007813461693506954,0.00876713239316288,7.686261039924586e-05,0.0,0.0001801477211313,0.0054044316339398,0.0117846634240076,0.1383684621389539
BATF,0.0004896502824768725,0.008550321447521339,7.310799685594342e-05,0.0,0.0,0.0,0.0,0.3224043715846995
ETV1,0.03050665882719984,0.008381893190608865,7.025613345877527e-05,0.0054346829500861,0.024904188212858,0.0292271793743352,0.0344418161147174,0.1328987420691678
FLI1,0.01328051197702563,0.007930310409424624,6.288982318982855e-05,0.0003592480717909,0.0095897240388281,0.0120262568794783,0.0148611396228628,0.1312672903408702
ERG,0.012244728467031885,0.00792499566149289,6.280555623468114e-05,0.0,0.0084725980158098,0.0109501830335826,0.0138840256777547,0.1369886996657647
FOXD1,0.0004423259178763453,0.007871603169291553,6.196213645480083e-05,0.0,0.0,0.0,0.0,0.2353142076502732
FOXC1,0.003326904165381578,0.007767161037561213,6.032879058340897e-05,0.0,0.0,0.0,0.0,0.1606269772792637
NFE2L2,0.02226289929427534,0.007577007888648621,5.741104854464343e-05,0.0,0.0169398907103825,0.0216640225630178,0.0269786708972325,0.0743257535695399
ELF2,0.020570597705266237,0.007425109881038106,5.513225674548972e-05,0.0,0.0152624221629177,0.0199644173338416,0.0252001524971406,0.1006036345151861
ETV7,0.0025445557606659343,0.00735631865965659,5.4115424222411735e-05,0.0,0.0,0.0,0.0,0.1994535519125683
PAX5,0.0009807486993159387,0.0068992142543519465,4.759915732745309e-05,0.0,0.0,0.0,0.0,0.1330828779599271
BCLAF1,0.02556446833747403,0.006638340660332315,4.406756672262128e-05,0.0106648948630472,0.0211498409209971,0.0241722354965522,0.0283057340846462,0.0731806004540246
IKZF1,0.004467427944623404,0.006111658819980527,3.735237353184577e-05,0.0,0.0,0.001324300211888,0.0073324411731905,0.0858564737370358
GATA2,0.0015479646438618098,0.00583998538005017,3.4105429239199726e-05,0.0,0.0,0.0,0.0,0.1657559198542805
EP300,0.024887677868970542,0.005056683552592777,2.557004855106231e-05,0.0073337761273636,0.0213648119634896,0.024685767190975,0.0281878654308687,0.0511049723756906
NFIA,0.04382720536211002,0.004747801388397634,2.25416180236705e-05,0.0263544761568512,0.0409005771664686,0.0449819828715103,0.0474299785470006,0.0538970455499737
